{
  "main": {
    "id": "7cc98b10e4c14200",
    "type": "split",
    "children": [
      {
        "id": "eac3b9c1bd86aa99",
        "type": "tabs",
        "children": [
          {
            "id": "34274d67cdc19126",
            "type": "leaf",
            "state": {
              "type": "markdown",
              "state": {
                "file": "Templates/Bottom-up note.md",
                "mode": "source",
                "backlinks": true,
                "source": false
              }
            }
          },
          {
            "id": "48572c6aadfe60c3",
            "type": "leaf",
            "state": {
              "type": "markdown",
              "state": {
                "file": "Templates/00_Readme.md",
                "mode": "source",
                "backlinks": true,
                "source": false
              }
            }
          }
        ],
        "currentTab": 1
      }
    ],
    "direction": "vertical"
  },
  "left": {
    "id": "e1a09910ffd54957",
    "type": "split",
    "children": [
      {
        "id": "cb602c71730f546e",
        "type": "tabs",
        "children": [
          {
            "id": "b7903100e886b536",
            "type": "leaf",
            "state": {
              "type": "file-explorer",
              "state": {
                "sortOrder": "alphabetical"
              }
            }
          },
          {
            "id": "dec110c0fba09d27",
            "type": "leaf",
            "state": {
              "type": "search",
              "state": {
                "query": "tag:#永久筆記/輸入筆記",
                "matchingCase": true,
                "explainSearch": false,
                "collapseAll": false,
                "extraContext": true,
                "sortOrder": "alphabetical"
              }
            }
          },
          {
            "id": "04c6554893077968",
            "type": "leaf",
            "state": {
              "type": "starred",
              "state": {}
            }
          },
          {
            "id": "72b09769d0215319",
            "type": "leaf",
            "state": {
              "type": "bookmarks",
              "state": {}
            }
          }
        ]
      }
    ],
    "direction": "horizontal",
    "width": 257.5
  },
  "right": {
    "id": "045b323aeff12a53",
    "type": "split",
    "children": [
      {
        "id": "1c70011914df1c86",
        "type": "tabs",
        "dimension": 36.76470588235294,
        "children": [
          {
            "id": "1f8328f327f7c622",
            "type": "leaf",
            "state": {
              "type": "outline",
              "state": {
                "file": "Templates/00_Readme.md"
              }
            }
          },
          {
            "id": "15362531f6ae150d",
            "type": "leaf",
            "state": {
              "type": "calendar",
              "state": {}
            }
          }
        ],
        "currentTab": 1
      },
      {
        "id": "bd96ee2cc2f44658",
        "type": "tabs",
        "dimension": 63.23529411764705,
        "children": [
          {
            "id": "a3117e098d5f76b6",
            "type": "leaf",
            "state": {
              "type": "backlink",
              "state": {
                "file": "Templates/00_Readme.md",
                "collapseAll": false,
                "extraContext": false,
                "sortOrder": "alphabetical",
                "showSearch": false,
                "searchQuery": "",
                "backlinkCollapsed": false,
                "unlinkedCollapsed": true
              }
            }
          },
          {
            "id": "788f27eea3ad87b4",
            "type": "leaf",
            "state": {
              "type": "outgoing-link",
              "state": {
                "file": "Templates/00_Readme.md",
                "linksCollapsed": false,
                "unlinkedCollapsed": true
              }
            }
          },
          {
            "id": "04509099f7854215",
            "type": "leaf",
            "state": {
              "type": "tag",
              "state": {
                "sortOrder": "frequency",
                "useHierarchy": true
              }
            }
          },
          {
            "id": "09cfd6a1bace4ff8",
            "type": "leaf",
            "state": {
              "type": "reminder-list",
              "state": {}
            }
          }
        ],
        "currentTab": 3
      }
    ],
    "direction": "horizontal",
    "width": 200
  },
  "left-ribbon": {
    "hiddenItems": {
      "command-palette:開啟命令面板": false,
      "graph:查看關聯圖": false,
      "workspaces:管理工作區配置": false,
      "markdown-importer:開啟 Markdown 格式轉換器": false,
      "daily-notes:開啟今天的每日筆記": false,
      "canvas:建立新畫布": false,
      "templater-obsidian:Templater": false
    }
  },
  "active": "48572c6aadfe60c3",
  "lastOpenFiles": [
    "Templates/Bottom-up note.md",
    "Templates/Pasted image 20230709114634.png",
    "Templates/00_Readme.md",
    "Templates/Pasted image 20230709114702.png",
    "Zettels/Reforcing/RE-2023-07-09.md",
    "Readwise/Books/Natural General Intelligence-kindle.md",
    "Readwise/Articles/#104 - Prof. CHRIS SUMMERFIELD - Natural General Intelligence [SPECIAL EDITION]-reader.md",
    "Readwise/Articles/【圖解卵子的祕密】女人一生排多少卵？捐卵、凍卵怎麼做？風險大嗎？-reader.md",
    "自由寫作.md",
    "Zettels/繁體中文/劉必榮的孫子兵法與談判策略/02_reforcing/RE-phase2-2023-07-09第四卷 纏鬥與收尾.md",
    "Zettels/繁體中文/劉必榮的孫子兵法與談判策略/02_reforcing/RE-phase2-2023-07-09第二卷 談判的籌碼與戰前布局  開始談判前的布局.md",
    "Zettels/繁體中文/劉必榮的孫子兵法與談判策略/+ About this book.md",
    "Zettels/繁體中文/劉必榮的孫子兵法與談判策略/劉必榮的孫子兵法與談判策略.md",
    "Zettels/繁體中文/劉必榮的孫子兵法與談判策略/02_reforcing/RE-phase2-2023-07-09第一卷  上桌前的思考 決定談判的時機.md",
    "Zettels/繁體中文/劉必榮的孫子兵法與談判策略/03_output/RE-phase3-2023-07-09讀後心得.md",
    "Zettels/繁體中文/劉必榮的孫子兵法與談判策略/03_output",
    "Zettels/繁體中文/劉必榮的孫子兵法與談判策略/新增資料夾",
    "Zettels/繁體中文/劉必榮的孫子兵法與談判策略/02_reforcing",
    "Zettels/繁體中文/劉必榮的孫子兵法與談判策略/01_input/RE-phase1-2023-07-02前言.md",
    "Zettels/繁體中文/劉必榮的孫子兵法與談判策略/01_input/RE-phase1-2023-07-02第25講　常山之蛇          建立靈活的團隊.md",
    "Zettels/繁體中文/劉必榮的孫子兵法與談判策略/01_input/RE-phase1-2023-07-02後記.md",
    "Zettels/繁體中文/劉必榮的孫子兵法與談判策略/01_input/RE-phase1-2023-07-01第32講　歸師勿遏          留一條路給對方走，讓他回得了家.md",
    "Zettels/繁體中文/劉必榮的孫子兵法與談判策略/01_input/RE-phase1-2023-07-01第31講　不戰而屈人之兵          談判時，到底需不需要信任？.md",
    "Zettels/繁體中文/劉必榮的孫子兵法與談判策略/01_input/RE-phase1-2023-07-01第30講　兵以詐立          攻守之間所傳達的訊息，不一定都真實.md",
    "Zettels/繁體中文/劉必榮的孫子兵法與談判策略/01_input/RE-phase1-2023-07-01第29講　途有所不由          談判過程中，得避免迷失方向.md",
    "Zettels/繁體中文/劉必榮的孫子兵法與談判策略/01_input/RE-phase1-2023-07-01第28講　火發于內，則早應之于外          悶對方的同時，提防自己內鬨.md",
    "Zettels/繁體中文/劉必榮的孫子兵法與談判策略/01_input/RE-phase1-2023-07-01第27講 兵聞拙速          談判一定要速戰速決嗎？.md",
    "Zettels/繁體中文/劉必榮的孫子兵法與談判策略/01_input/RE-phase1-2023-07-01第26講　金鼓旌旗          清楚的指揮體系.md",
    "Zettels/繁體中文/劉必榮的孫子兵法與談判策略/01_input/RE-phase1-2023-07-01第24講　不若則能避之          掌握談判過程中權力的消長變化.md",
    "Zettels/繁體中文/劉必榮的孫子兵法與談判策略/01_input/RE-phase1-2023-07-01第23講　與初來之心乖戾          出其不意，改變談判的局面.md",
    "Zettels/繁體中文/劉必榮的孫子兵法與談判策略/01_input",
    "Zettels/繁體中文/劉必榮的孫子兵法與談判策略/01_fleet",
    "Zettels/繁體中文/劉必榮的孫子兵法與談判策略/00_Terms",
    "Zettels/繁體中文/劉必榮的孫子兵法與談判策略/0Terms",
    "Zettels/繁體中文/劉必榮的孫子兵法與談判策略/Terms",
    "conferences_meetings",
    "Zettels/Reforcing",
    "Templates/Pasted image 20230613171421.png",
    "Templates/Pasted image 20230613171340.png",
    "Templates/Pasted image 20230613171301.png",
    "Templates/Pasted image 20230613170322.png",
    "Templates/Pasted image 20230613170119.png",
    "Templates/Pasted image 20230613170221.png",
    "audience/SSG/Pasted image 20220726101548.png",
    "audience/SSG/Pasted image 20220726144234.png"
  ]
}